Workbook
Name ReportYear: Outpatient!$P$6

Sheet Outpatient
F1: OUTPATIENT VISITS BY DEPARTMENT
F3: ="Reporting year "&ReportYear -> Reporting year 2026
A6: Type monthly counts in the cream cells (blue numbers). Grey cells and the total row calculate automatically - leave future months empty. | L6: REPORTING YEAR (type here) | P6: 2026
A8: Department | B8: =DATE(ReportYear,1,1) -> 46023 | C8: =DATE(ReportYear,2,1) -> 46054 | D8: =DATE(ReportYear,3,1) -> 46082 | E8: =DATE(ReportYear,4,1) -> 46113 | F8: =DATE(ReportYear,5,1) -> 46143 | G8: =DATE(ReportYear,6,1) -> 46174 | H8: =DATE(ReportYear,7,1) -> 46204 | I8: =DATE(ReportYear,8,1) -> 46235 | J8: =DATE(ReportYear,9,1) -> 46266 | K8: =DATE(ReportYear,10,1) -> 46296 | L8: =DATE(ReportYear,11,1) -> 46327 | M8: =DATE(ReportYear,12,1) -> 46357 | N8: Total | O8: Avg / month | P8: % of total
A9: Internal Medicine | B9: 1080 | C9: 965 | D9: 1016 | E9: 1031 | F9: 1123 | G9: 1079 | H9: 1105 | I9: 1073 | J9: 1093 | N9: =IF(COUNT(B9:M9)=0,"",SUM(B9:M9)) -> 9565 | O9: =IFERROR(AVERAGE(B9:M9),"") -> 1062.7778 | P9: =IFERROR(N9/$N$22,"") -> 0.1322338
A10: Pediatrics | B10: 1508 | C10: 1629 | D10: 1740 | E10: 1321 | F10: 1579 | G10: 1487 | H10: 1191 | I10: 1099 | J10: 1324 | N10: =IF(COUNT(B10:M10)=0,"",SUM(B10:M10)) -> 12878 | O10: =IFERROR(AVERAGE(B10:M10),"") -> 1430.8889 | P10: =IFERROR(N10/$N$22,"") -> 0.17803523
A11: General Medicine | B11: 1355 | C11: 1281 | D11: 1540 | E11: 1361 | F11: 1332 | G11: 1560 | H11: 1342 | I11: 1515 | J11: 1490 | N11: =IF(COUNT(B11:M11)=0,"",SUM(B11:M11)) -> 12776 | O11: =IFERROR(AVERAGE(B11:M11),"") -> 1419.5556 | P11: =IFERROR(N11/$N$22,"") -> 0.1766251
A12: Gynecology & Obstetrics | B12: 1218 | C12: 1095 | D12: 1095 | E12: 1103 | F12: 1181 | G12: 1033 | H12: 1136 | I12: 1091 | J12: 1174 | N12: =IF(COUNT(B12:M12)=0,"",SUM(B12:M12)) -> 10126 | O12: =IFERROR(AVERAGE(B12:M12),"") -> 1125.1111 | P12: =IFERROR(N12/$N$22,"") -> 0.13998949
A13: Dental | B13: 324 | C13: 314 | D13: 345 | E13: 327 | F13: 268 | G13: 305 | H13: 333 | I13: 333 | J13: 416 | N13: =IF(COUNT(B13:M13)=0,"",SUM(B13:M13)) -> 2965 | O13: =IFERROR(AVERAGE(B13:M13),"") -> 329.44444 | P13: =IFERROR(N13/$N$22,"") -> 0.040990406
A14: Ophthalmology | B14: 131 | C14: 139 | D14: 161 | E14: 171 | F14: 148 | G14: 143 | H14: 150 | I14: 143 | J14: 139 | N14: =IF(COUNT(B14:M14)=0,"",SUM(B14:M14)) -> 1325 | O14: =IFERROR(AVERAGE(B14:M14),"") -> 147.22222 | P14: =IFERROR(N14/$N$22,"") -> 0.018317804
A15: General Surgery | B15: 59 | C15: 58 | D15: 54 | E15: 66 | F15: 35 | G15: 77 | H15: 182 | I15: 195 | J15: 122 | N15: =IF(COUNT(B15:M15)=0,"",SUM(B15:M15)) -> 848 | O15: =IFERROR(AVERAGE(B15:M15),"") -> 94.222222 | P15: =IFERROR(N15/$N$22,"") -> 0.011723394
A16: Orthopedic Surgery | B16: 424 | C16: 462 | D16: 433 | E16: 390 | F16: 378 | G16: 374 | H16: 479 | I16: 519 | J16: 395 | N16: =IF(COUNT(B16:M16)=0,"",SUM(B16:M16)) -> 3854 | O16: =IFERROR(AVERAGE(B16:M16),"") -> 428.22222 | P16: =IFERROR(N16/$N$22,"") -> 0.053280615
A17: Physiotherapy | B17: 1069 | C17: 1013 | D17: 1260 | E17: 1263 | F17: 1399 | G17: 1516 | H17: 1404 | I17: 1337 | J17: 1383 | N17: =IF(COUNT(B17:M17)=0,"",SUM(B17:M17)) -> 11644 | O17: =IFERROR(AVERAGE(B17:M17),"") -> 1293.7778 | P17: =IFERROR(N17/$N$22,"") -> 0.16097547
A18: Urology | B18: 50 | C18: 47 | D18: 45 | E18: 61 | F18: 48 | G18: 36 | H18: 37 | I18: 29 | J18: 39 | N18: =IF(COUNT(B18:M18)=0,"",SUM(B18:M18)) -> 392 | O18: =IFERROR(AVERAGE(B18:M18),"") -> 43.555556 | P18: =IFERROR(N18/$N$22,"") -> 0.0054193049
A19: ENT Service | B19: 191 | C19: 209 | D19: 220 | E19: 241 | F19: 186 | G19: 178 | H19: 216 | I19: 204 | J19: 172 | N19: =IF(COUNT(B19:M19)=0,"",SUM(B19:M19)) -> 1817 | O19: =IFERROR(AVERAGE(B19:M19),"") -> 201.88889 | P19: =IFERROR(N19/$N$22,"") -> 0.025119584
A20: Emergency | B20: 2 | C20: 4 | D20: 3 | E20: 1 | F20: 4 | G20: 3 | H20: 1 | I20: 2 | J20: 3 | N20: =IF(COUNT(B20:M20)=0,"",SUM(B20:M20)) -> 23 | O20: =IFERROR(AVERAGE(B20:M20),"") -> 2.5555556 | P20: =IFERROR(N20/$N$22,"") -> 0.00031796942
A21: Vaccination | B21: 506 | C21: 415 | D21: 489 | E21: 412 | F21: 500 | G21: 454 | H21: 458 | I21: 408 | J21: 479 | N21: =IF(COUNT(B21:M21)=0,"",SUM(B21:M21)) -> 4121 | O21: =IFERROR(AVERAGE(B21:M21),"") -> 457.88889 | P21: =IFERROR(N21/$N$22,"") -> 0.056971825
A22: TOTAL | B22: =IF(COUNT(B9:B21)=0,"",SUM(B9:B21)) -> 7917 | C22: =IF(COUNT(C9:C21)=0,"",SUM(C9:C21)) -> 7631 | D22: =IF(COUNT(D9:D21)=0,"",SUM(D9:D21)) -> 8401 | E22: =IF(COUNT(E9:E21)=0,"",SUM(E9:E21)) -> 7748 | F22: =IF(COUNT(F9:F21)=0,"",SUM(F9:F21)) -> 8181 | G22: =IF(COUNT(G9:G21)=0,"",SUM(G9:G21)) -> 8245 | H22: =IF(COUNT(H9:H21)=0,"",SUM(H9:H21)) -> 8034 | I22: =IF(COUNT(I9:I21)=0,"",SUM(I9:I21)) -> 7948 | ... M22: =IF(COUNT(M9:M21)=0,"",SUM(M9:M21)) | N22: =IF(COUNT(B22:M22)=0,"",SUM(B22:M22)) -> 72334 | O22: =IFERROR(AVERAGE(B22:M22),"") -> 8037.1111 | P22: =IFERROR(SUM(P9:P21),"") -> 1
A24: Avg / month is calculated over the months that have data. To add a department: select the last department row, right-click > Insert, then copy the grey formulas down from the row above.

Sheet Inpatient
F1: INPATIENT ADMISSIONS BY DEPARTMENT
F3: ="Reporting year "&ReportYear -> Reporting year 2026
A6: Type monthly counts in the cream cells (blue numbers). Grey cells and the total row calculate automatically - leave future months empty.
A8: Department | B8: =DATE(ReportYear,1,1) -> 46023 | C8: =DATE(ReportYear,2,1) -> 46054 | D8: =DATE(ReportYear,3,1) -> 46082 | E8: =DATE(ReportYear,4,1) -> 46113 | F8: =DATE(ReportYear,5,1) -> 46143 | G8: =DATE(ReportYear,6,1) -> 46174 | H8: =DATE(ReportYear,7,1) -> 46204 | I8: =DATE(ReportYear,8,1) -> 46235 | J8: =DATE(ReportYear,9,1) -> 46266 | K8: =DATE(ReportYear,10,1) -> 46296 | L8: =DATE(ReportYear,11,1) -> 46327 | M8: =DATE(ReportYear,12,1) -> 46357 | N8: Total | O8: Avg / month | P8: % of total
A9: Internal Medicine | B9: 23 | C9: 26 | D9: 18 | E9: 35 | F9: 25 | G9: 28 | H9: 27 | I9: 31 | J9: 23 | N9: =IF(COUNT(B9:M9)=0,"",SUM(B9:M9)) -> 236 | O9: =IFERROR(AVERAGE(B9:M9),"") -> 26.222222 | P9: =IFERROR(N9/$N$18,"") -> 0.067525036
A10: Pediatrics | B10: 64 | C10: 92 | D10: 111 | E10: 74 | F10: 95 | G10: 92 | H10: 63 | I10: 63 | J10: 82 | N10: =IF(COUNT(B10:M10)=0,"",SUM(B10:M10)) -> 736 | O10: =IFERROR(AVERAGE(B10:M10),"") -> 81.777778 | P10: =IFERROR(N10/$N$18,"") -> 0.21058655
A11: Gynecology & Obstetrics | B11: 165 | C11: 154 | D11: 169 | E11: 177 | F11: 169 | G11: 150 | H11: 161 | I11: 143 | J11: 166 | N11: =IF(COUNT(B11:M11)=0,"",SUM(B11:M11)) -> 1454 | O11: =IFERROR(AVERAGE(B11:M11),"") -> 161.55556 | P11: =IFERROR(N11/$N$18,"") -> 0.41602289
A12: General Surgery | B12: 7 | C12: 8 | D12: 7 | E12: 15 | F12: 6 | G12: 9 | H12: 15 | I12: 16 | J12: 12 | N12: =IF(COUNT(B12:M12)=0,"",SUM(B12:M12)) -> 95 | O12: =IFERROR(AVERAGE(B12:M12),"") -> 10.555556 | P12: =IFERROR(N12/$N$18,"") -> 0.027181688
A13: Orthopedics | B13: 53 | C13: 63 | D13: 47 | E13: 34 | F13: 40 | G13: 52 | H13: 59 | I13: 67 | J13: 43 | N13: =IF(COUNT(B13:M13)=0,"",SUM(B13:M13)) -> 458 | O13: =IFERROR(AVERAGE(B13:M13),"") -> 50.888889 | P13: =IFERROR(N13/$N$18,"") -> 0.13104435
A14: Urology Surgery | B14: 5 | C14: 3 | D14: 6 | E14: 2 | F14: 0 | G14: 1 | H14: 3 | I14: 2 | J14: 5 | N14: =IF(COUNT(B14:M14)=0,"",SUM(B14:M14)) -> 27 | O14: =IFERROR(AVERAGE(B14:M14),"") -> 3 | P14: =IFERROR(N14/$N$18,"") -> 0.0077253219
A15: Neonatology | B15: 4 | C15: 4 | D15: 2 | E15: 3 | F15: 8 | G15: 5 | H15: 5 | I15: 3 | J15: 3 | N15: =IF(COUNT(B15:M15)=0,"",SUM(B15:M15)) -> 37 | O15: =IFERROR(AVERAGE(B15:M15),"") -> 4.1111111 | P15: =IFERROR(N15/$N$18,"") -> 0.010586552
A16: ENT Service | B16: 27 | C16: 34 | D16: 27 | E16: 84 | F16: 42 | G16: 44 | H16: 55 | I16: 96 | J16: 41 | N16: =IF(COUNT(B16:M16)=0,"",SUM(B16:M16)) -> 450 | O16: =IFERROR(AVERAGE(B16:M16),"") -> 50 | P16: =IFERROR(N16/$N$18,"") -> 0.12875536
A17: Emergency | B17: 1 | C17: 0 | D17: 0 | E17: 0 | F17: 0 | G17: 0 | H17: 0 | I17: 1 | J17: 0 | N17: =IF(COUNT(B17:M17)=0,"",SUM(B17:M17)) -> 2 | O17: =IFERROR(AVERAGE(B17:M17),"") -> 0.22222222 | P17: =IFERROR(N17/$N$18,"") -> 0.00057224607
A18: TOTAL | B18: =IF(COUNT(B9:B17)=0,"",SUM(B9:B17)) -> 349 | C18: =IF(COUNT(C9:C17)=0,"",SUM(C9:C17)) -> 384 | D18: =IF(COUNT(D9:D17)=0,"",SUM(D9:D17)) -> 387 | E18: =IF(COUNT(E9:E17)=0,"",SUM(E9:E17)) -> 424 | F18: =IF(COUNT(F9:F17)=0,"",SUM(F9:F17)) -> 385 | G18: =IF(COUNT(G9:G17)=0,"",SUM(G9:G17)) -> 381 | H18: =IF(COUNT(H9:H17)=0,"",SUM(H9:H17)) -> 388 | I18: =IF(COUNT(I9:I17)=0,"",SUM(I9:I17)) -> 422 | ... M18: =IF(COUNT(M9:M17)=0,"",SUM(M9:M17)) | N18: =IF(COUNT(B18:M18)=0,"",SUM(B18:M18)) -> 3495 | O18: =IFERROR(AVERAGE(B18:M18),"") -> 388.33333 | P18: =IFERROR(SUM(P9:P17),"") -> 1
A20: Avg / month is calculated over the months that have data. To add a department: select the last department row, right-click > Insert, then copy the grey formulas down from the row above.

Sheet Babies
D1: DELIVERIES & BABIES - MONTHLY
D3: ="Reporting year "&ReportYear -> Reporting year 2026
A6: Type monthly figures in the cream cells. Normal deliveries (SVD) = deliveries - caesareans, and the C-section rate are calculated for you.
A8: Month | B8: Deliveries at health facility | C8: Live births | D8: Baby deaths | E8: Circumstances of death | F8: Caesarean section deliveries | G8: Normal deliveries (SVD) | H8: C-section rate
A9: =DATE(ReportYear,2,0) -> 46053 | B9: 116 | C9: 115 | D9: 1 | E9: Still births macerated | F9: 61 | G9: =IF(COUNT(B9,F9)<2,"",B9-F9) -> 55 | H9: =IFERROR(F9/B9,"") -> 0.52586207
A10: =DATE(ReportYear,3,0) -> 46081 | B10: 114 | C10: 115 | D10: 0 | F10: 59 | G10: =IF(COUNT(B10,F10)<2,"",B10-F10) -> 55 | H10: =IFERROR(F10/B10,"") -> 0.51754386
A11: =DATE(ReportYear,4,0) -> 46112 | B11: 135 | C11: 135 | D11: 0 | F11: 82 | G11: =IF(COUNT(B11,F11)<2,"",B11-F11) -> 53 | H11: =IFERROR(F11/B11,"") -> 0.60740741
A12: =DATE(ReportYear,5,0) -> 46142 | B12: 132 | C12: 135 | D12: 0 | F12: 72 | G12: =IF(COUNT(B12,F12)<2,"",B12-F12) -> 60 | H12: =IFERROR(F12/B12,"") -> 0.54545455
A13: =DATE(ReportYear,6,0) -> 46173 | B13: 133 | C13: 137 | D13: 0 | F13: 62 | G13: =IF(COUNT(B13,F13)<2,"",B13-F13) -> 71 | H13: =IFERROR(F13/B13,"") -> 0.46616541
A14: =DATE(ReportYear,7,0) -> 46203 | B14: 112 | C14: 115 | D14: 0 | F14: 72 | G14: =IF(COUNT(B14,F14)<2,"",B14-F14) -> 40 | H14: =IFERROR(F14/B14,"") -> 0.64285714
A15: =DATE(ReportYear,8,0) -> 46234 | B15: 126 | C15: 125 | D15: 2 | E15: Still births macerated | F15: 75 | G15: =IF(COUNT(B15,F15)<2,"",B15-F15) -> 51 | H15: =IFERROR(F15/B15,"") -> 0.5952381
A16: =DATE(ReportYear,9,0) -> 46265 | B16: 100 | C16: 100 | D16: 1 | E16: Still births macerated | F16: 60 | G16: =IF(COUNT(B16,F16)<2,"",B16-F16) -> 40 | H16: =IFERROR(F16/B16,"") -> 0.6
A17: =DATE(ReportYear,10,0) -> 46295 | B17: 147 | C17: 149 | D17: 1 | E17: Still births macerated | F17: 80 | G17: =IF(COUNT(B17,F17)<2,"",B17-F17) -> 67 | H17: =IFERROR(F17/B17,"") -> 0.54421769
A18: =DATE(ReportYear,11,0) -> 46326 | G18: =IF(COUNT(B18,F18)<2,"",B18-F18) | H18: =IFERROR(F18/B18,"")
A19: =DATE(ReportYear,12,0) -> 46356 | G19: =IF(COUNT(B19,F19)<2,"",B19-F19) | H19: =IFERROR(F19/B19,"")
A20: =DATE(ReportYear,13,0) -> 46387 | G20: =IF(COUNT(B20,F20)<2,"",B20-F20) | H20: =IFERROR(F20/B20,"")
A21: TOTAL | B21: =IF(COUNT(B9:B20)=0,"",SUM(B9:B20)) -> 1115 | C21: =IF(COUNT(C9:C20)=0,"",SUM(C9:C20)) -> 1126 | D21: =IF(COUNT(D9:D20)=0,"",SUM(D9:D20)) -> 5 | F21: =IF(COUNT(F9:F20)=0,"",SUM(F9:F20)) -> 623 | G21: =IF(COUNT(G9:G20)=0,"",SUM(G9:G20)) -> 492 | H21: =IFERROR(F21/B21,"") -> 0.55874439

Sheet Births by Year
C1: DELIVERIES & BABIES - YEARLY TREND
C3: ="Up to the current reporting year ("&ReportYear&")" -> Up to the current reporting year (2026)
A6: Years 2019-2025 are typed history (cream). The last row is linked to the Babies sheet and updates by itself.
A8: Year | B8: Deliveries at health facility | C8: Live births | D8: Caesarean sections | E8: Normal deliveries (SVD) | F8: C-section rate | G8: Change in deliveries vs previous year
A9: 2019 | B9: 109 | C9: 149 | D9: 99 | E9: =IF(COUNT(B9,D9)<2,"",B9-D9) -> 10 | F9: =IFERROR(D9/B9,"") -> 0.90825688
A10: 2020 | B10: 669 | C10: 664 | D10: 457 | E10: =IF(COUNT(B10,D10)<2,"",B10-D10) -> 212 | F10: =IFERROR(D10/B10,"") -> 0.68310912 | G10: =IFERROR(B10/B9-1,"") -> 5.1376147
A11: 2021 | B11: 898 | C11: 900 | D11: 547 | E11: =IF(COUNT(B11,D11)<2,"",B11-D11) -> 351 | F11: =IFERROR(D11/B11,"") -> 0.6091314 | G11: =IFERROR(B11/B10-1,"") -> 0.34230194
A12: 2022 | B12: 1141 | C12: 1137 | D12: 738 | E12: =IF(COUNT(B12,D12)<2,"",B12-D12) -> 403 | F12: =IFERROR(D12/B12,"") -> 0.64680105 | G12: =IFERROR(B12/B11-1,"") -> 0.27060134
A13: 2023 | B13: 1252 | C13: 1248 | D13: 779 | E13: =IF(COUNT(B13,D13)<2,"",B13-D13) -> 473 | F13: =IFERROR(D13/B13,"") -> 0.62220447 | G13: =IFERROR(B13/B12-1,"") -> 0.097283085
A14: 2024 | B14: 1441 | C14: 1444 | D14: 854 | E14: =IF(COUNT(B14,D14)<2,"",B14-D14) -> 587 | F14: =IFERROR(D14/B14,"") -> 0.592644 | G14: =IFERROR(B14/B13-1,"") -> 0.15095847
A15: 2025 | B15: 1437 | C15: 1439 | D15: 824 | E15: =IF(COUNT(B15,D15)<2,"",B15-D15) -> 613 | F15: =IFERROR(D15/B15,"") -> 0.57341684 | G15: =IFERROR(B15/B14-1,"") -> -0.0027758501
A16: =ReportYear -> 2026 | B16: =Babies!B21 -> 1115 | C16: =Babies!C21 -> 1126 | D16: =Babies!F21 -> 623 | E16: =Babies!G21 -> 492 | F16: =IFERROR(D16/B16,"") -> 0.55874439
A17: ALL YEARS | B17: =IF(COUNT(B9:B16)=0,"",SUM(B9:B16)) -> 8062 | C17: =IF(COUNT(C9:C16)=0,"",SUM(C9:C16)) -> 8107 | D17: =IF(COUNT(D9:D16)=0,"",SUM(D9:D16)) -> 4921 | E17: =IF(COUNT(E9:E16)=0,"",SUM(E9:E16)) -> 3141 | F17: =IFERROR(D17/B17,"") -> 0.61039444
A19: Source: 2019-2025 figures as supplied in PATIENTS_STATISTICS__2026.xlsx. The reporting-year row is partial, so no year-on-year change is shown for it.
A20: At year end: select the reporting-year row, right-click > Insert, type that year and its final figures in cream cells, then copy the grey formulas down.

Sheet Deaths
C1: DEATHS AT HEALTH FACILITY
C3: ="Reporting year "&ReportYear -> Reporting year 2026
A6: One row per month. If a month has a second death with a different department, insert a copy of the month row (right-click > Insert Copied Cells) - the monthly totals add up.
A8: Month | B8: Deaths at the facility | C8: Age | D8: Department | E8: Circumstance
A9: =DATE(ReportYear,2,0) -> 46053 | B9: 1 | C9: 0 | D9: Maternity | E9: Still births macerated
A10: =DATE(ReportYear,3,0) -> 46081 | B10: 0
A11: =DATE(ReportYear,4,0) -> 46112 | B11: 0
A12: =DATE(ReportYear,5,0) -> 46142 | B12: 0
A13: =DATE(ReportYear,6,0) -> 46173 | B13: 1 | D13: Internal Medicine | E13: Natural disease (cancer)
A14: =DATE(ReportYear,7,0) -> 46203 | B14: 1 | D14: Emergency | E14: Natural disease
A15: =DATE(ReportYear,8,0) -> 46234 | B15: 2 | C15: 0 | D15: Maternity | E15: Still births macerated
A16: =DATE(ReportYear,9,0) -> 46265 | B16: 1 | C16: 0 | D16: Maternity | E16: Still births macerated
A17: =DATE(ReportYear,10,0) -> 46295 | B17: 1 | C17: 0 | D17: Maternity | E17: Still births macerated
A18: =DATE(ReportYear,11,0) -> 46326
A19: =DATE(ReportYear,12,0) -> 46356
A20: =DATE(ReportYear,13,0) -> 46387
A21: TOTAL | B21: =IF(COUNT(B9:B20)=0,"",SUM(B9:B20)) -> 7
A24: DEATHS BY DEPARTMENT
A25: Department | B25: Deaths | C25: % of deaths
A26: Maternity | B26: =SUMIFS($B$9:$B$20,$D$9:$D$20,A26) -> 5 | C26: =IFERROR(B26/$B$34,"") -> 0.71428571
A27: Internal Medicine | B27: =SUMIFS($B$9:$B$20,$D$9:$D$20,A27) -> 1 | C27: =IFERROR(B27/$B$34,"") -> 0.14285714
A28: Pediatrics | B28: =SUMIFS($B$9:$B$20,$D$9:$D$20,A28) -> 0 | C28: =IFERROR(B28/$B$34,"") -> 0
A29: Neonatology | B29: =SUMIFS($B$9:$B$20,$D$9:$D$20,A29) -> 0 | C29: =IFERROR(B29/$B$34,"") -> 0
A30: Surgery | B30: =SUMIFS($B$9:$B$20,$D$9:$D$20,A30) -> 0 | C30: =IFERROR(B30/$B$34,"") -> 0
A31: Emergency | B31: =SUMIFS($B$9:$B$20,$D$9:$D$20,A31) -> 1 | C31: =IFERROR(B31/$B$34,"") -> 0.14285714
A32: Other | B32: =SUMIFS($B$9:$B$20,$D$9:$D$20,A32) -> 0 | C32: =IFERROR(B32/$B$34,"") -> 0
A33: Not assigned | B33: =N(B21)-SUM(B26:B32) -> 0 | C33: =IFERROR(B33/$B$34,"") -> 0
A34: TOTAL | B34: =SUM(B26:B33) -> 7 | C34: =IFERROR(SUM(C26:C33),"") -> 1
A37: CROSS-CHECK WITH THE BABIES SHEET
A38: Baby deaths recorded on the Babies sheet | D38: =N(Babies!D21) -> 5
A39: Maternity deaths recorded on this sheet | D39: =B26 -> 5
A40: Status | D40: =IF(D38=D39,"Match","Check - totals differ") -> Match

Sheet Guide
B1: HOW TO USE THIS WORKBOOK
B3: ="Dream Medical Center Hospital | Reporting year "&ReportYear -> Dream Medical Center Hospital | Reporting year 2026
A6: QUICK START
A7: 1. Set the year | B7: On the Outpatient sheet, type the reporting year in the yellow cell (top right, P6). Titles, month headers and the Babies / Deaths month rows on every sheet follow it automatically.
A8: 2. Enter the numbers | B8: Type each month's counts in the cream cells on Outpatient, Inpatient, Babies and Deaths. Leave months you have not reached empty.
A9: 3. Everything else updates | B9: Totals, averages, shares, rates and the yearly figures recalculate instantly. Never type over a grey cell.
A10: 4. Add a department | B10: Select the LAST department row (not TOTAL), right-click > Insert, type the name, then copy the grey cells in columns N:P from the row above. Totals expand by themselves.
A11: 5. Start a new year | B11: Insert the finished year into the Births by Year sheet (see note under that table), change the year on the Outpatient sheet, then select the cream cells and press Delete.
A13: COLOUR KEY
A14: 1,080 | B14: Cream cell, blue number: an input - type or paste your figures here.
A15: 8,472 | B15: Grey cell, black number: a formula - calculated automatically, do not overwrite.
A16: 2026 | B16: Yellow cell: the reporting year (Outpatient sheet, P6) - the only setting in the workbook.
A18: FORMULA COOKBOOK - reusable patterns, with a live example from this workbook
A19: Task | B19: Formula pattern (change the cell references) | C19: Live example | D19: Notes
A20: Month total, ignoring blanks | B20: =IF(COUNT(B9:B21)=0,"",SUM(B9:B21)) | C20: =IF(COUNT(Outpatient!B9:B21)=0,"",SUM(Outpatient!B9:B21)) -> 7917 | D20: Stays empty until the first figure is typed, so future months look clean.
A21: Year total for one department | B21: =SUM(B9:M9) | C21: =SUM(Outpatient!B9:M9) -> 9565 | D21: Covers all 12 months, so September-December are included automatically.
A22: Average per reported month | B22: =IFERROR(AVERAGE(B9:M9),"") | C22: =IFERROR(AVERAGE(Outpatient!B9:M9),"") -> 1062.7778 | D22: AVERAGE skips empty months, so it is not dragged down by the future.
A23: Share of the total | B23: =IFERROR(N9/$N$22,"") | C23: =IFERROR(Outpatient!N9/Outpatient!$N$22,"") -> 0.1322338 | D23: Lock the total with $ so the formula can be copied down.
A24: Month-over-month change | B24: =IFERROR(C22/B22-1,"") | C24: =IFERROR(Outpatient!C22/Outpatient!B22-1,"") -> -0.036124795 | D24: Positive = growth. Returns empty if either month has no data.
A25: Rate / percentage | B25: =IFERROR(F21/B21,"") | C25: =IFERROR(Babies!F21/Babies!B21,"") -> 0.55874439 | D25: Here: caesarean sections / deliveries. Store percentages as fractions (0.45 = 45%).
A26: Latest month that has data | B26: =SUMPRODUCT(MAX((B22:M22<>"")*(COLUMN(B22:M22)-COLUMN(B22)+1))) | C26: =SUMPRODUCT(MAX((Outpatient!B22:M22<>"")*(COLUMN(Outpatient!B22:M22)-COLUMN(Outpatient!B22)+1))) -> 9 | D26: Month number (1-12) of the last month that has a total.
A27: Months reported so far | B27: =COUNT(B22:M22) | C27: =COUNT(Outpatient!B22:M22) -> 9 | D27: Counts the months that have a total.
A28: Look up one department in one month | B28: =INDEX(B9:M21,MATCH("Dental",A9:A21,0),3) | C28: =INDEX(Outpatient!B9:M21,MATCH("Dental",Outpatient!A9:A21,0),3) -> 345 | D28: Here: Dental in month 3 (March). Change the name or the month number.
A29: Busiest department | B29: =INDEX(A9:A21,MATCH(MAX(N9:N21),N9:N21,0)) | C29: =INDEX(Outpatient!A9:A21,MATCH(MAX(Outpatient!N9:N21),Outpatient!N9:N21,0)) -> Pediatrics | D29: Returns the name with the highest year total.
A30: Add up by condition | B30: =SUMIFS(Deaths!B9:B20,Deaths!D9:D20,"Maternity") | C30: =SUMIFS(Deaths!B9:B20,Deaths!D9:D20,"Maternity") -> 5 | D30: Sum one column where another column matches (department, circumstance, ...).
A31: Year-on-year growth | B31: =IFERROR(B15/B14-1,"") | C31: =IFERROR('Births by Year'!B15/'Births by Year'!B14-1,"") -> -0.0027758501 | D31: Compares one year with the previous one (full years only).
A33: Corrections made while building this template from PATIENTS_STATISTICS__2026.xlsx: Inpatient row totals now include August; the Babies death total now sums the monthly figures (it was typed as 2); SVD is calculated as deliveries - caesareans (April was typed as 61, the calculation gives 60); department names were tidied (e.g. OPHTALMOLOGY > Ophthalmology).
